tracer,N,method,med_mean,med_std,rms_mean,rms_std,fc_mean,fc_std
BGS_z0.1_0.4,362943,bootstrap,13.960432258045042,0.03748922370284014,33.9676525197714,0.10585604481643109,0.5279065858826317,0.01207180040444226
BGS_z0.1_0.2,126256,bootstrap,9.587158522338886,0.040237393533611256,22.55220943072657,0.16869836354514553,0.3294892915980231,0.015886201109589885
BGS_z0.2_0.3,140779,bootstrap,15.439813302491215,0.06531618803843345,34.668567209370046,0.15515652495496582,0.627224230886709,0.020908113374789955
BGS_z0.3_0.4,95908,bootstrap,20.789746975458517,0.10810237875347703,43.99359533455138,0.2211473258654462,0.6433248529841098,0.025875075690666473
BGS_z0.1_0.4,362943,bootstrap,13.960432258045042,0.03748922370284014,33.9676525197714,0.10585604481643109,0.5279065858826317,0.01207180040444226
LRG_z0.4_1.1,207651,bootstrap,42.654485904634534,0.1322031611032822,82.1237338205655,0.2796694000417897,0.4594247078029964,0.014950519130356414
LRG_z0.4_0.5,22137,bootstrap,25.53810297282206,0.23861060561051917,52.506336439359465,1.2214881757607459,0.3613859149839635,0.04098765177810875
LRG_z0.5_0.6,29570,bootstrap,30.64643216649338,0.2340112687238892,57.17098765110576,0.6363628827190744,0.5444707473791005,0.04230539443420753
LRG_z0.6_0.7,35593,bootstrap,36.262893811144856,0.2611035574175966,67.14158095413583,0.5953678846825727,0.42705026269210233,0.03437140833647334
LRG_z0.7_0.8,40449,bootstrap,46.301532659212334,0.3257807835943302,82.24302838409724,0.6159128016699288,0.5661450221266285,0.03737623687676891
LRG_z0.8_0.9,40561,bootstrap,56.42383889738976,0.36785140544352235,96.57317660073625,0.6212566892740495,0.3426937205690195,0.029593962967812106
LRG_z0.9_1.0,27244,bootstrap,61.52062020231571,0.49226438101176007,104.4964599643844,0.7473658585293392,0.5065335486712671,0.04239828707383326
LRG_z1.0_1.1,12097,bootstrap,62.73946687435877,0.6326555817405142,104.8533201706913,1.0736437282452616,0.4463916673555427,0.06047059115710191
LRG_z0.4_0.6,51707,bootstrap,28.27973339596188,0.143491565108157,55.214168687147854,0.6217119538477169,0.4660877637457211,0.030243962812251113
LRG_z0.6_0.8,76042,bootstrap,41.20219338239269,0.21854403393485333,75.55835146726015,0.4420940394130327,0.502353962284001,0.025890998187167693
LRG_z0.8_1.1,79902,bootstrap,59.25320374223529,0.26114717577638386,100.61426613485145,0.44357406086226886,0.4155089985231909,0.022722867343967022
ELG_z0.8_1.6,481085,bootstrap,8.999088652797996,0.01978288685357693,27.967226023392495,0.09167735340742815,0.2323913653512373,0.006970386523904139
ELG_z0.8_0.9,72185,bootstrap,5.471878231558232,0.031729352442999674,17.090663007947033,0.15154453455581907,0.09974371406801967,0.01182656811179886
ELG_z0.9_1.0,84756,bootstrap,6.897394078153363,0.036995088639514825,20.037739413297192,0.18466476992069183,0.12624474963424417,0.01232856997052144
ELG_z1.0_1.1,72966,bootstrap,9.579101671529695,0.052457640282519875,25.638044098929683,0.20966441444095793,0.17816517282021763,0.015468230888921321
ELG_z1.1_1.2,65846,bootstrap,9.305175017277696,0.050113661599342246,25.242954320738924,0.19261867503508873,0.17616863590802784,0.0160795851712611
ELG_z1.2_1.3,59131,bootstrap,9.562635575525116,0.04917579355456397,25.987559282710084,0.21325268662686228,0.18940995416955572,0.018265240930580854
ELG_z1.3_1.4,53176,bootstrap,11.655591749588906,0.0774203107528016,33.365722709561965,0.28052344297096543,0.5735670227170152,0.03278658901240635
ELG_z1.4_1.5,45730,bootstrap,11.620617290728708,0.07323522981850135,33.695964600203034,0.3156827493480211,0.35862672206429036,0.02810008045612844
ELG_z1.5_1.6,27295,bootstrap,21.336900093124918,0.20885690932670758,54.28602530678678,0.4736618589901965,0.4066678878915552,0.03855469322830057
ELG_z0.8_1.1,229907,bootstrap,7.164599103045523,0.022188764415625045,21.17336757190055,0.11071074671828154,0.1344021713127482,0.007623129023460268
ELG_z1.1_1.3,124977,bootstrap,9.43220616904605,0.03866918325265403,25.5991087100815,0.14669517552635064,0.18243356777647088,0.011843659643410128
ELG_z1.3_1.6,126201,bootstrap,13.149544930542799,0.052761200279215305,38.96375155606543,0.2041198731222365,0.4603767006600582,0.019399078270613865
QSO_z0.8_2.1,252633,bootstrap,95.37428010750088,0.3235547142035243,471.2931555616319,3.285485314185762,0.6060174244853206,0.015487220401296974
QSO_z0.8_0.9,9416,bootstrap,17.04739673526646,0.256937232067824,146.90698272532774,29.236007065629476,1.4762107051826678,0.12425502415002072
QSO_z0.9_1.0,11381,bootstrap,27.99754598434198,0.4059315656666981,246.34583684756038,21.09342290716865,1.2476935242948775,0.10337529185221705
QSO_z1.0_1.1,13868,bootstrap,51.61451352938643,0.5393654910868843,261.85003418212125,17.088359218707637,0.7859821171041247,0.07580140415873307
QSO_z1.1_1.2,16694,bootstrap,49.85100628700865,0.5655775228855732,252.46163080627463,15.903204486334506,0.6349586677848329,0.061454664196536724
QSO_z1.2_1.3,17523,bootstrap,52.142791459237905,0.5871146454972859,287.70362599755526,16.402857572447036,0.7647092392855105,0.0654303185170005
QSO_z1.3_1.4,18232,bootstrap,62.28860254370449,0.7040653429990787,414.4461838573548,18.95776983226713,0.4552435278630978,0.050672946991656705
QSO_z1.4_1.5,19090,bootstrap,98.33753226231558,1.189785591828621,421.299233308106,14.622753504648177,0.9114719748559456,0.06792333065589837
QSO_z1.5_1.6,20042,bootstrap,147.72258470017525,1.4777766618479102,497.7385623317564,10.919871392222957,0.823271130625686,0.06374996754077879
QSO_z1.6_1.7,25251,bootstrap,179.80750932627345,1.6512818085292653,567.1776965976293,8.990808655303734,0.45938774701992,0.042182976538239506
QSO_z1.7_1.8,25317,bootstrap,176.2972911375853,1.5628725684703235,597.7480091196999,7.934133792942039,0.40289133783623654,0.03973279267862976
QSO_z1.8_1.9,24265,bootstrap,163.40676407153293,1.514387556819051,580.7256054935518,9.253500794668968,0.3544199464248918,0.03840905618304517
QSO_z1.9_2.0,22307,bootstrap,134.69507299725814,1.3449841279322643,488.2676213424083,9.805287746684892,0.35414892186309227,0.03953425843408697
QSO_z2.0_2.1,29247,bootstrap,125.46650073548479,1.1902909756586662,568.9642337493083,10.250554992623519,0.32823879372243303,0.033586339120203604
QSO_z0.8_1.1,34665,bootstrap,30.91076193003118,0.28996185232915545,231.5486357435447,12.078757061121426,1.125054089138901,0.0559521062491541
QSO_z1.1_1.4,52449,bootstrap,54.61907197400057,0.3199097756290814,328.45401208314337,10.229526428027789,0.6158363362504529,0.03358018508759993
QSO_z1.4_1.7,64383,bootstrap,140.94808593930773,0.9007619115574469,506.12725257556855,6.249529756896936,0.7051550875231039,0.03213181788132594
QSO_z1.7_2.1,101136,bootstrap,148.72155625387515,0.7101855422807525,562.6143853705224,4.691892361735825,0.35892263882297104,0.018499278767076497
QSO_3cut_z0.8_2.1,252633,bootstrap,95.37428010750088,0.3235547142035243,390.9569149015774,1.6311492864817339,0.9695882960658346,0.01945143552279432
QSO_3cut_z0.8_0.9,9416,bootstrap,17.04739673526646,0.256937232067824,116.7102854340378,9.27637968585011,1.4868309260832626,0.12466943730477725
QSO_3cut_z0.9_1.0,11381,bootstrap,27.99754598434198,0.4059315656666981,178.05948733192741,9.563704049135207,1.3707055619014146,0.10865142762408928
QSO_3cut_z1.0_1.1,13868,bootstrap,51.61451352938643,0.5393654910868843,220.4413882797104,7.049284874742467,0.8725122584366888,0.07982222203643412
QSO_3cut_z1.1_1.2,16694,bootstrap,49.85100628700865,0.5655775228855732,201.38796917334645,5.796258838471755,0.7487720138972085,0.06707333537415974
QSO_3cut_z1.2_1.3,17523,bootstrap,52.142791459237905,0.5871146454972859,224.3037096353809,6.517704565263948,0.8845517320093591,0.07017098134630181
QSO_3cut_z1.3_1.4,18232,bootstrap,62.28860254370449,0.7040653429990787,266.3024892471593,6.382704024373551,0.8446687143483985,0.0678508196527009
QSO_3cut_z1.4_1.5,19090,bootstrap,98.33753226231558,1.189785591828621,339.8834904788221,5.5157784516450015,1.1367207962283918,0.07599488567716979
QSO_3cut_z1.5_1.6,20042,bootstrap,147.72258470017525,1.4777766618479102,429.30338710614967,5.1250334036966105,1.1326214948607922,0.07410098193705439
QSO_3cut_z1.6_1.7,25251,bootstrap,179.80750932627345,1.6512818085292653,509.48010650979086,4.8798349318403815,0.7960080788879649,0.05607986782633058
QSO_3cut_z1.7_1.8,25317,bootstrap,176.2972911375853,1.5628725684703235,528.644632411136,5.126061713621369,0.9163802978235969,0.05916169213516774
QSO_3cut_z1.8_1.9,24265,bootstrap,163.40676407153293,1.514387556819051,498.11087414738574,5.258757298584551,0.906655676900886,0.06130910208051176
QSO_3cut_z1.9_2.0,22307,bootstrap,134.69507299725814,1.3449841279322643,402.61118159504423,5.318748999965247,0.8293360828439504,0.05965675823057363
QSO_3cut_z2.0_2.1,29247,bootstrap,125.46650073548479,1.1902909756586662,429.76628567575386,4.849072853608494,1.083871850104284,0.060489134047613594
QSO_3cut_z0.8_1.1,34665,bootstrap,30.91076193003118,0.28996185232915545,183.45120733568487,4.909722991480529,1.2000576950814943,0.05819205855432117
QSO_3cut_z1.1_1.4,52449,bootstrap,54.61907197400057,0.3199097756290814,233.26596770696034,3.657156979827502,0.8274704951476672,0.039234422421936206
QSO_3cut_z1.4_1.7,64383,bootstrap,140.94808593930773,0.9007619115574469,439.962657036498,3.0989203041729034,1.0002640448565616,0.038193231771343844
QSO_3cut_z1.7_2.1,101136,bootstrap,148.72155625387515,0.7101855422807525,467.67838110294787,2.6197385832160625,0.9432842904603701,0.030129830575421297
